id;city;region;federalokrg;people;firstdate;coat2
1;Абаза;Хакасия;Сибирский;17111;1867;1.png
2;Абакан;Хакасия;Сибирский;165183;1931;2.png
3;Абдулино;Оренбургская область;Приволжский;20663;1795;3.png
4;Абинск;Краснодарский край;Южный;34926;1863;4.png
5;Агидель;Башкортостан;Приволжский;16365;1980;5.png
6;Агрыз;Татарстан;Приволжский;19299;1646;
7;Адыгейск;Адыгея;Южный;12248;1973;7.png
8;Азнакаево;Татарстан;Приволжский;34859;1762;8.png
9;Азов;Ростовская область;Южный;82882;1067;9.svg
10;Ак-Довурак;Тыва;Сибирский;13469;1964;10.png
11;Аксай;Ростовская область;Южный;41984;1957;11.png
12;Алагир;Северная Осетия - Алания;Северо-Кавказский;20949;1850;
13;Алапаевск;Свердловская область;Уральский;38198;1639;13.png
14;Алатырь;Чувашия;Приволжский;38202;1552;14.png
15;Алдан;Якутия;Дальневосточный;21277;1924;15.jpg
16;Алейск;Алтайский край;Сибирский;29512;1913;16.gif
17;Александров;Владимирская область;Центральный;61544;14 век;17.png
18;Александровск;Пермский край;Приволжский;15022;1783;18.png
19;Александровск-Сахалинский;Сахалинская область;Дальневосточный;10613;1869;19.png
20;Алексеевка;Белгородская область;Центральный;39026;1685;20.png
21;Алексин;Тульская область;Центральный;61738;1348;21.png
22;Алзамай;Иркутская область;Сибирский;6751;1899;
23;Алупка;Крым;Крымский;8497;960;23.png
24;Алушта;Крым;Крымский;28642;6 век;24.png
25;Альметьевск;Татарстан;Приволжский;146309;18 век;25.png
26;Амурск;Хабаровский край;Дальневосточный;42977;1958;26.png
27;Анадырь;Чукотский АО;Дальневосточный;13053;1889;27.png
28;Анапа;Краснодарский край;Южный;58983;1781;28.png
29;Ангарск;Иркутская область;Сибирский;233765;1948;29.svg
30;Андреаполь;Тверская область;Центральный;8265;1907;30.png
31;Анжеро-Судженск;Кемеровская область;Сибирский;76669;1896;31.png
32;Анива;Сахалинская область;Дальневосточный;8449;1886;32.gif
33;Апатиты;Мурманская область;Северо-Западный;59690;1926;33.jpg
34;Апрелевка;Московская область;Центральный;18467;1899;34.gif
35;Апшеронск;Краснодарский край;Южный;40229;1863;35.png
36;Арамиль;Свердловская область;Уральский;14227;1675;36.png
37;Аргун;Чечня;Северо-Кавказский;29528;18 век;37.svg
38;Ардатов;Мордовия;Приволжский;9400;1671;38.png
39;Ардон;Северная Осетия - Алания;Северо-Кавказский;18774;1824;
40;Арзамас;Нижегородская область;Приволжский;106367;1552;40.svg
41;Аркадак;Саратовская область;Приволжский;12846;1721;41.png
42;Армавир;Краснодарский край;Южный;188897;1839;42.png
43;Армянск;Крым;Крымский;22468;1736;43.png
44;Арсеньев;Приморский край;Дальневосточный;56742;1902;44.png
45;Арск;Татарстан;Приволжский;18114;13 век;45.png
46;Артём;Приморский край;Дальневосточный;102636;1924;46.png
47;Артёмовск;Красноярский край;Сибирский;2180;1700;
48;Артёмовский;Свердловская область;Уральский;32878;1665;48.png
49;Архангельск;Архангельская область;Северо-Западный;348716;1584;49.svg
50;Асбест;Свердловская область;Уральский;70067;1889;50.png
51;Асино;Томская область;Сибирский;25614;1896;
52;Астрахань;Астраханская область;Южный;520662;1558;52.png
53;Аткарск;Саратовская область;Приволжский;25620;18 век;53.png
54;Ахтубинск;Астраханская область;Южный;41898;1959;54.jpg
55;Ачинск;Красноярский край;Сибирский;109156;1683;55.png
56;Аша;Челябинская область;Уральский;31916;1898;56.png
57;Бабаево;Вологодская область;Северо-Западный;12074;15 век;57.png
58;Бабушкин;Бурятия;Сибирский;4839;1760-е;58.png
59;Бавлы;Татарстан;Приволжский;22109;1658;59.png
60;Багратионовск;Калининградская область;Северо-Западный;6399;1336;60.png
61;Байкальск;Иркутская область;Сибирский;13589;1961;61.svg
62;Баймак;Башкортостан;Приволжский;17710;1748;
63;Бакал;Челябинская область;Уральский;20953;1757;63.png
64;Баксан;Кабардино-Балкария;Северо-Кавказский;36857;1891;64.gif
65;Балабаново;Калужская область;Центральный;26337;1584;65.png
66;Балаково;Саратовская область;Приволжский;199576;1762;66.png
67;Балахна;Нижегородская область;Приволжский;51526;1399;67.png
68;Балашиха;Московская область;Центральный;215353;1830;68.png
69;Балашов;Саратовская область;Приволжский;82222;17 век;69.png
70;Балей;Забайкальский край;Сибирский;12536;1736;70.jpg
71;Балтийск;Калининградская область;Северо-Западный;32670;1626;71.png
72;Барабинск;Новосибирская область;Сибирский;30250;1893;72.png
73;Барнаул;Алтайский край;Сибирский;612091;1730;73.jpg
74;Барыш;Ульяновская область;Приволжский;17149;17 век;74.png
75;Батайск;Ростовская область;Южный;112400;1938;75.png
76;Бахчисарай;Крым;Крымский;26363;1532;76.jpg
77;Бежецк;Тверская область;Центральный;24517;1137;77.png
78;Белая Калитва;Ростовская область;Южный;43688;1703;78.png
79;Белая Холуница;Кировская область;Приволжский;11232;1764;79.png
80;Белгород;Белгородская область;Центральный;356426;1596;80.png
81;Белебей;Башкортостан;Приволжский;60183;1715;81.png
82;Белёв;Тульская область;Центральный;13918;1147;82.png
83;Белинский;Пензенская область;Приволжский;8567;1708;83.png
84;Белово;Кемеровская область;Сибирский;76752;1726;84.png
85;Белогорск;Амурская область;Дальневосточный;68220;1860;85.png
86;Белогорск;Крым;Крымский;18199;13 век;86.png
87;Белозерск;Вологодская область;Северо-Западный;9614;862;87.png
88;Белокуриха;Алтайский край;Сибирский;14660;1803;88.svg
89;Беломорск;Карелия;Северо-Западный;11217;12 век;89.jpg
90;Белорецк;Башкортостан;Приволжский;68804;1762;90.png
91;Белореченск;Краснодарский край;Южный;53891;1862;91.png
92;Белоусово;Калужская область;Центральный;8432;1962;92.png
93;Белоярский;Ханты-Мансийский АО — Югра;Уральский;20283;1969;93.png
94;Белый;Тверская область;Центральный;3771;1350;94.png
95;Бердск;Новосибирская область;Сибирский;98809;1944;95.png
96;Березники;Пермский край;Приволжский;156350;1932;96.png
97;Берёзовский;Кемеровская область;Сибирский;47292;1965;97.png
98;Берёзовский;Свердловская область;Уральский;51583;1748;98.png
99;Беслан;Северная Осетия - Алания;Северо-Кавказский;36724;1847;99.jpg
100;Бийск;Алтайский край;Сибирский;210055;1709;100.png
101;Бикин;Хабаровский край;Дальневосточный;17156;1895;101.png
102;Билибино;Чукотский АО;Дальневосточный;5504;1955;102.png
103;Биробиджан;Еврейская АО;Дальневосточный;75419;1915;103.png
104;Бирск;Башкортостан;Приволжский;41637;1663;104.png
105;Бирюсинск;Иркутская область;Сибирский;8981;1967;105.png
106;Бирюч;Белгородская область;Центральный;7842;1705;106.svg
107;Благовещенск;Башкортостан;Приволжский;34246;1756;107.png
108;Благовещенск;Амурская область;Дальневосточный;214397;1856;108.png
109;Благодарный;Ставропольский край;Северо-Кавказский;32736;1782;109.png
110;Бобров;Воронежская область;Центральный;19738;1698;110.png
111;Богданович;Свердловская область;Уральский;31752;1885;111.png
112;Богородицк;Тульская область;Центральный;31897;1663;112.png
113;Богородск;Нижегородская область;Приволжский;25497;1570;113.png
114;Боготол;Красноярский край;Сибирский;21029;1893;114.png
115;Богучар;Воронежская область;Центральный;11811;1704;115.png
116;Бодайбо;Иркутская область;Сибирский;15331;1864;116.svg
117;Бокситогорск;Ленинградская область;Северо-Западный;16593;1929;117.svg
118;Болгар;Татарстан;Приволжский;8650;1781;118.png
119;Бологое;Тверская область;Центральный;23499;1495;119.png
120;Болотное;Новосибирская область;Сибирский;16969;1805;120.png
121;Болохово;Тульская область;Центральный;9619;16 век;121.png
122;Болхов;Орловская область;Центральный;11421;1196;122.png
123;Большой Камень;Приморский край;Дальневосточный;39257;1947;123.png
124;Бор;Нижегородская область;Приволжский;78079;14 век;124.png
125;Борзя;Забайкальский край;Сибирский;31376;1899;125.png
126;Борисоглебск;Воронежская область;Центральный;65585;1698;126.png
127;Боровичи;Новгородская область;Северо-Западный;54731;15 век;127.png
128;Боровск;Калужская область;Центральный;12283;1358;128.png
129;Бородино;Красноярский край;Сибирский;17423;1949;129.png
130;Братск;Иркутская область;Сибирский;246348;1631;130.png
131;Бронницы;Московская область;Центральный;21102;1453;131.png
132;Брянск;Брянская область;Центральный;415640;985;132.svg
133;Бугульма;Татарстан;Приволжский;89144;1736;133.gif
134;Бугуруслан;Оренбургская область;Приволжский;52249;1748;134.png
135;Будённовск;Ставропольский край;Северо-Кавказский;64628;1799;135.png
136;Бузулук;Оренбургская область;Приволжский;82816;1736;136.jpg
137;Буинск;Татарстан;Приволжский;20342;1691;137.png
138;Буй;Костромская область;Центральный;25763;1536;138.png
139;Буйнакск;Дагестан;Северо-Кавказский;65735;1834;139.jpg
140;Бутурлиновка;Воронежская область;Центральный;27208;1740;140.png
141;Валдай;Новгородская область;Северо-Западный;16099;15 век;141.png
142;Валуйки;Белгородская область;Центральный;35322;1593;142.png
143;Велиж;Смоленская область;Центральный;7620;1536;143.png
144;Великие Луки;Псковская область;Северо-Западный;98778;1166;144.png
145;Великий Новгород;Новгородская область;Северо-Западный;218724;8—9 века;145.svg
146;Великий Устюг;Вологодская область;Северо-Западный;31664;1147;146.png
147;Вельск;Архангельская область;Северо-Западный;23885;1137;147.png
148;Венёв;Тульская область;Центральный;15220;1371;148.png
149;Верещагино;Пермский край;Приволжский;22760;1898;149.png
150;Верея;Московская область;Центральный;5368;1371;150.gif
151;Верхнеуральск;Челябинская область;Уральский;9459;1734;151.png
152;Верхний Тагил;Свердловская область;Уральский;11843;1716;152.png
153;Верхний Уфалей;Челябинская область;Уральский;30504;1761;153.png
154;Верхняя Пышма;Свердловская область;Уральский;58707;1854;154.png
155;Верхняя Салда;Свердловская область;Уральский;46240;1778;155.png
156;Верхняя Тура;Свердловская область;Уральский;9468;1737;156.png
157;Верхотурье;Свердловская область;Уральский;8815;1597;157.png
158;Верхоянск;Якутия;Дальневосточный;1311;1638;158.png
159;Весьегонск;Тверская область;Центральный;7330;1564;159.png
160;Ветлуга;Нижегородская область;Приволжский;8956;1606;160.png
161;Видное;Московская область;Центральный;56798;1949;161.png
162;Вилюйск;Якутия;Дальневосточный;10233;1634;162.png
163;Вилючинск;Камчатский край;Дальневосточный;22905;1968;163.svg
164;Вихоревка;Иркутская область;Сибирский;22528;1957;
165;Вичуга;Ивановская область;Центральный;37609;1925;165.png
166;Владивосток;Приморский край;Дальневосточный;592069;1860;166.png
167;Владикавказ;Северная Осетия - Алания;Северо-Кавказский;311635;1784;167.png
168;Владимир;Владимирская область;Центральный;348256;990;168.png
169;Волгоград;Волгоградская область;Южный;1021244;1589;169.png
170;Волгодонск;Ростовская область;Южный;170621;1950;170.png
171;Волгореченск;Костромская область;Центральный;17108;1964;171.png
172;Волжск;Марий Эл;Приволжский;55671;16 век;172.jpg
173;Волжский;Волгоградская область;Южный;314436;1951;173.png
174;Вологда;Вологодская область;Северо-Западный;301642;1147;174.png
175;Володарск;Нижегородская область;Приволжский;9924;1932;175.png
176;Волоколамск;Московская область;Центральный;23386;1135;176.png
177;Волосово;Ленинградская область;Северо-Западный;12162;1870;177.png
178;Волхов;Ленинградская область;Северо-Западный;47344;1918;178.png
179;Волчанск;Свердловская область;Уральский;10008;1956;179.png
180;Вольск;Саратовская область;Приволжский;66520;1780;180.png
181;Воркута;Коми;Северо-Западный;70551;1936;181.svg
182;Воронеж;Воронежская область;Центральный;889680;1586;182.png
183;Ворсма;Нижегородская область;Приволжский;11622;16 век;
184;Воскресенск;Московская область;Центральный;91301;1862;184.png
185;Воткинск;Удмуртия;Приволжский;100034;1759;185.png
186;Всеволожск;Ленинградская область;Северо-Западный;59689;1892;186.svg
187;Вуктыл;Коми;Северо-Западный;12357;1968;187.png
188;Выборг;Ленинградская область;Северо-Западный;80013;1293;188.jpg
189;Выкса;Нижегородская область;Приволжский;56196;1757;189.png
190;Высоковск;Московская область;Центральный;10642;1864;190.png
191;Высоцк;Ленинградская область;Северо-Западный;1244;1532;191.png
192;Вытегра;Вологодская область;Северо-Западный;10490;1710;192.png
193;Вышний Волочёк;Тверская область;Центральный;52326;1471;193.png
194;Вяземский;Хабаровский край;Дальневосточный;14556;1894;194.png
195;Вязники;Владимирская область;Центральный;41252;1608;195.png
196;Вязьма;Смоленская область;Центральный;57103;1239;196.png
197;Вятские Поляны;Кировская область;Приволжский;35159;1596;197.png
198;Гаврилов Посад;Ивановская область;Центральный;6434;1434;198.png
199;Гаврилов-Ям;Ярославская область;Центральный;17792;1545;199.png
200;Гагарин;Смоленская область;Центральный;31721;1705;200.png
201;Гаджиево;Мурманская область;Северо-Западный;11089;1957;201.png
202;Гай;Оренбургская область;Приволжский;38302;1959;202.png
203;Галич;Костромская область;Центральный;17346;1159;203.png
204;Гатчина;Ленинградская область;Северо-Западный;92566;1499;204.svg
205;Гвардейск;Калининградская область;Северо-Западный;13888;1255;205.png
206;Гдов;Псковская область;Северо-Западный;4379;14 век;206.png
207;Геленджик;Краснодарский край;Южный;54813;1831;207.png
208;Георгиевск;Ставропольский край;Северо-Кавказский;72126;1777;208.png
209;Глазов;Удмуртия;Приволжский;95835;1678;209.png
210;Голицыно;Московская область;Центральный;17447;1872;210.png
211;Горбатов;Нижегородская область;Приволжский;2278;16 век;211.jpg
212;Горно-Алтайск;Алтай;Сибирский;56928;1830;212.png
213;Горнозаводск;Пермский край;Приволжский;12334;1947;213.png
214;Горняк;Алтайский край;Сибирский;13924;1942;214.png
215;Городец;Нижегородская область;Приволжский;30699;12 век;215.png
216;Городище;Пензенская область;Приволжский;8102;1681;216.png
217;Городовиковск;Калмыкия;Южный;9565;1872;217.png
218;Гороховец;Владимирская область;Центральный;14015;1158;218.png
219;Горячий Ключ;Краснодарский край;Южный;30093;1868;219.png
220;Грайворон;Белгородская область;Центральный;6234;1678;220.png
221;Гремячинск;Пермский край;Приволжский;11005;1941;221.png
222;Грозный;Чечня;Северо-Кавказский;271596;1818;222.png
223;Грязи;Липецкая область;Центральный;46798;1868;223.png
224;Грязовец;Вологодская область;Северо-Западный;15528;1538;224.png
225;Губаха;Пермский край;Приволжский;27544;1755;225.gif
226;Губкин;Белгородская область;Центральный;88562;1939;226.svg
227;Губкинский;Ямало-Ненецкий АО;Уральский;23340;1986;227.png
228;Гудермес;Чечня;Северо-Кавказский;45643;19 век;
229;Гуково;Ростовская область;Южный;67268;1878;229.gif
230;Гулькевичи;Краснодарский край;Южный;35225;1875;230.png
231;Гурьевск;Калининградская область;Северо-Западный;12433;1262;231.png
232;Гурьевск;Кемеровская область;Сибирский;24816;1816;232.png
233;Гусев;Калининградская область;Северо-Западный;28260;16 век;233.png
234;Гусиноозёрск;Бурятия;Сибирский;24603;1939;
235;Гусь-Хрустальный;Владимирская область;Центральный;60773;1756;235.png
236;Давлеканово;Башкортостан;Приволжский;24040;18 век;
237;Дагестанские Огни;Дагестан;Северо-Кавказский;30671;1914;237.png
238;Далматово;Курганская область;Уральский;13913;1644;238.png
239;Дальнегорск;Приморский край;Дальневосточный;37503;1897;239.png
240;Дальнереченск;Приморский край;Дальневосточный;27601;1859;240.png
241;Данилов;Ярославская область;Центральный;15861;15 век;241.png
242;Данков;Липецкая область;Центральный;21056;1563;242.png
243;Дегтярск;Свердловская область;Уральский;15521;1914;243.png
244;Дедовск;Московская область;Центральный;29280;1911;244.png
245;Демидов;Смоленская область;Центральный;7333;1499;245.png
246;Дербент;Дагестан;Северо-Кавказский;119961;438;246.png
247;Десногорск;Смоленская область;Центральный;29677;1974;247.png
248;Джанкой;Крым;Крымский;35700;1784;248.png
249;Дзержинск;Нижегородская область;Приволжский;240762;1606;249.png
250;Дзержинский;Московская область;Центральный;47125;1380-е;250.png
251;Дивногорск;Красноярский край;Сибирский;28271;1956;251.svg
252;Дигора;Северная Осетия - Алания;Северо-Кавказский;10856;1852;
253;Димитровград;Ульяновская область;Приволжский;122549;1698;253.png
254;Дмитриев;Курская область;Центральный;7721;1779;254.png
255;Дмитров;Московская область;Центральный;61454;1154;255.png
256;Дмитровск;Орловская область;Центральный;5956;1711;256.png
257;Дно;Псковская область;Северо-Западный;9061;1897;257.png
258;Добрянка;Пермский край;Приволжский;35720;1623;258.png
259;Долгопрудный;Московская область;Центральный;90976;1931;259.png
260;Долинск;Сахалинская область;Дальневосточный;12200;1884;260.png
261;Домодедово;Московская область;Центральный;96123;1900;261.png
262;Донецк;Ростовская область;Южный;50085;1681;262.png
263;Донской;Тульская область;Центральный;64561;1773;263.svg
264;Дорогобуж;Смоленская область;Центральный;10720;1150;264.png
265;Дрезна;Московская область;Центральный;11815;1897;265.png
266;Дубна;Московская область;Центральный;70569;1956;266.png
267;Дубовка;Волгоградская область;Южный;14345;1732;267.png
268;Дудинка;Красноярский край;Сибирский;22207;1667;268.png
269;Духовщина;Смоленская область;Центральный;4370;1675;269.png
270;Дюртюли;Башкортостан;Приволжский;31272;1795;270.png
271;Дятьково;Брянская область;Центральный;29438;1626;271.gif
272;Евпатория;Крым;Крымский;106840;497 год до н. э.;272.png
273;Егорьевск;Московская область;Центральный;70133;1462;273.png
274;Ейск;Краснодарский край;Южный;87771;1848;274.png
275;Екатеринбург;Свердловская область;Уральский;1377738;1723;275.svg
276;Елабуга;Татарстан;Приволжский;70750;11 век;276.png
277;Елец;Липецкая область;Центральный;108404;1146;277.jpg
278;Елизово;Камчатский край;Дальневосточный;39548;1848;278.png
279;Ельня;Смоленская область;Центральный;10095;1150;279.jpg
280;Еманжелинск;Челябинская область;Уральский;30218;1931;280.png
281;Емва;Коми;Северо-Западный;14574;1941;281.png
282;Енисейск;Красноярский край;Сибирский;18769;1619;282.svg
283;Ермолино;Калужская область;Центральный;10409;Неизвестно;283.png
284;Ершов;Саратовская область;Приволжский;21447;1893;284.png
285;Ессентуки;Ставропольский край;Северо-Кавказский;100969;1825;285.png
286;Ефремов;Тульская область;Центральный;42350;1637;286.png
287;Железноводск;Ставропольский край;Северо-Кавказский;24496;1810;287.png
288;Железногорск;Красноярский край;Сибирский;85559;1950;288.png
289;Железногорск;Курская область;Центральный;95057;1957;289.png
290;Железногорск-Илимский;Иркутская область;Сибирский;26134;1948;290.png
291;Жердевка;Тамбовская область;Центральный;15211;1745;291.png
292;Жигулёвск;Самарская область;Приволжский;57565;1949;292.png
293;Жиздра;Калужская область;Центральный;5585;1146;293.png
294;Жирновск;Волгоградская область;Южный;16890;18 век;294.jpg
295;Жуков;Калужская область;Центральный;12150;17 век;295.png
296;Жуковка;Брянская область;Центральный;18269;1871;296.jpg
297;Жуковский;Московская область;Центральный;102729;1947;297.svg
298;Завитинск;Амурская область;Дальневосточный;11481;1906;
299;Заводоуковск;Тюменская область;Уральский;25657;1729;299.jpg
300;Заволжск;Ивановская область;Центральный;12045;19 век;300.png
301;Заволжье;Нижегородская область;Приволжский;40265;1950;301.png
302;Задонск;Липецкая область;Центральный;9695;1615;302.png
303;Заинск;Татарстан;Приволжский;41798;1656;303.png
304;Закаменск;Бурятия;Сибирский;11530;1934;
305;Заозёрный;Красноярский край;Сибирский;10683;1776;305.png
306;Заозёрск;Мурманская область;Северо-Западный;11206;1958;306.png
307;Западная Двина;Тверская область;Центральный;9376;1900;
308;Заполярный;Мурманская область;Северо-Западный;15835;1956;308.jpg
309;Зарайск;Московская область;Центральный;24648;1146;309.gif
310;Заречный;Пензенская область;Приволжский;63579;1958;310.png
311;Заречный;Свердловская область;Уральский;26803;1955;311.png
312;Заринск;Алтайский край;Сибирский;48456;1979;312.png
313;Звенигово;Марий Эл;Приволжский;11945;1860;
314;Звенигород;Московская область;Центральный;16395;1152;314.png
315;Зверево;Ростовская область;Южный;22416;1819;315.png
316;Зеленогорск;Красноярский край;Сибирский;66018;1956;316.png
317;Зеленоградск;Калининградская область;Северо-Западный;13015;1252;317.png
318;Зеленодольск;Татарстан;Приволжский;97651;1865;318.png
319;Зеленокумск;Ставропольский край;Северо-Кавказский;35790;1781;319.png
320;Зерноград;Ростовская область;Южный;26850;1929;320.png
321;Зея;Амурская область;Дальневосточный;25042;1879;321.png
322;Зима;Иркутская область;Сибирский;32522;1743;322.gif
323;Златоуст;Челябинская область;Уральский;174985;1754;323.svg
324;Злынка;Брянская область;Центральный;5507;1702;
325;Змеиногорск;Алтайский край;Сибирский;10955;1736;325.jpg
326;Знаменск;Астраханская область;Южный;29357;1948;326.gif
327;Зубцов;Тверская область;Центральный;6937;1216;327.png
328;Зуевка;Кировская область;Приволжский;11198;1899;328.png
329;Ивангород;Ленинградская область;Северо-Западный;9797;1492;329.png
330;Иваново;Ивановская область;Центральный;409277;1561;330.png
331;Ивантеевка;Московская область;Центральный;58594;1564;331.png
332;Ивдель;Свердловская область;Уральский;17764;1831;332.jpg
333;Игарка;Красноярский край;Сибирский;6183;1929;333.svg
334;Ижевск;Удмуртия;Приволжский;628117;1760;334.svg
335;Избербаш;Дагестан;Северо-Кавказский;56301;1932;335.png
336;Изобильный;Ставропольский край;Северо-Кавказский;40546;1895;336.png
337;Иланский;Красноярский край;Сибирский;16108;1646;
338;Инза;Ульяновская область;Приволжский;18547;1897;338.png
339;Инкерман;Севастополь;Крымский;11526;11 век до н. э.;339.svg
340;Иннополис;Татарстан;Приволжский;96;2012;
341;Инсар;Мордовия;Приволжский;8687;1648;341.png
342;Инта;Коми;Северо-Западный;32021;1940;342.svg
343;Ипатово;Ставропольский край;Северо-Кавказский;26055;1860;
344;Ирбит;Свердловская область;Уральский;38352;1631;344.png
345;Иркутск;Иркутская область;Сибирский;587225;1661;345.png
346;Исилькуль;Омская область;Сибирский;25905;1895;346.png
347;Искитим;Новосибирская область;Сибирский;60072;1717;347.png
348;Истра;Московская область;Центральный;35106;1589;348.png
349;Ишим;Тюменская область;Уральский;69567;1687;349.png
350;Ишимбай;Башкортостан;Приволжский;66259;1815;350.png
351;Йошкар-Ола;Марий Эл;Приволжский;248688;1584;351.png
352;Кадников;Вологодская область;Северо-Западный;4797;1492;352.png
353;Казань;Татарстан;Приволжский;1143546;1005;353.png
354;Калач;Воронежская область;Центральный;20046;1716;354.png
355;Калач-на-Дону;Волгоградская область;Южный;26892;1708;355.png
356;Калачинск;Омская область;Сибирский;24000;1952;356.gif
357;Калининград;Калининградская область;Северо-Западный;431491;1255;357.svg
358;Калининск;Саратовская область;Приволжский;16442;1680;358.png
359;Калтан;Кемеровская область;Сибирский;21893;1946;359.png
360;Калуга;Калужская область;Центральный;325185;1371;360.svg
361;Калязин;Тверская область;Центральный;13870;1434;361.png
362;Камбарка;Удмуртия;Приволжский;11028;1767;362.svg
363;Каменка;Пензенская область;Приволжский;39579;18 век;363.png
364;Каменногорск;Ленинградская область;Северо-Западный;6761;1597;364.png
365;Каменск-Уральский;Свердловская область;Уральский;174710;1682;365.png
366;Каменск-Шахтинский;Ростовская область;Южный;95306;1671;366.png
367;Камень-на-Оби;Алтайский край;Сибирский;43880;1751;367.png
368;Камешково;Владимирская область;Центральный;13113;1892;368.gif
369;Камызяк;Астраханская область;Южный;16291;1560;369.svg
370;Камышин;Волгоградская область;Южный;119924;1668;370.jpg
371;Камышлов;Свердловская область;Уральский;26875;1668;371.png
372;Канаш;Чувашия;Приволжский;45608;1892;372.png
373;Кандалакша;Мурманская область;Северо-Западный;35659;11 век;373.png
374;Канск;Красноярский край;Сибирский;94230;1636;374.png
375;Карабаново;Владимирская область;Центральный;14868;1630;375.gif
376;Карабаш;Челябинская область;Уральский;13151;1822;376.png
377;Карабулак;Ингушетия;Северо-Кавказский;31081;1859;377.png
378;Карасук;Новосибирская область;Сибирский;28929;1912;378.png
379;Карачаевск;Карачаево-Черкесия;Северо-Кавказский;23848;1926;
380;Карачев;Брянская область;Центральный;19715;1146;380.png
381;Каргат;Новосибирская область;Сибирский;10620;18 век;381.png
382;Каргополь;Архангельская область;Северо-Западный;10148;1146;382.png
383;Карпинск;Свердловская область;Уральский;29118;1759;383.gif
384;Карталы;Челябинская область;Уральский;29136;1810;384.gif
385;Касимов;Рязанская область;Центральный;33494;1152;385.png
386;Касли;Челябинская область;Уральский;16998;1747;386.png
387;Каспийск;Дагестан;Северо-Кавказский;103914;1932;387.gif
388;Катав-Ивановск;Челябинская область;Уральский;17640;1755;388.png
389;Катайск;Курганская область;Уральский;14017;1655;389.png
390;Качканар;Свердловская область;Уральский;42563;1957;390.png
391;Кашин;Тверская область;Центральный;16174;1238;391.png
392;Кашира;Московская область;Центральный;41880;1356;392.png
393;Кедровый;Томская область;Сибирский;2451;1982;393.jpg
394;Кемерово;Кемеровская область;Сибирский;532884;1918;394.svg
395;Кемь;Карелия;Северо-Западный;13061;14 век;395.png
396;Керчь;Крым;Крымский;144600;7 век до н. э.;396.png
397;Кизел;Пермский край;Приволжский;20277;1750;397.png
398;Кизилюрт;Дагестан;Северо-Кавказский;36187;1963;398.png
399;Кизляр;Дагестан;Северо-Кавказский;49169;1735;399.png
400;Кимовск;Тульская область;Центральный;28493;17 век;400.gif
401;Кимры;Тверская область;Центральный;49623;1546;401.png
402;Кингисепп;Ленинградская область;Северо-Западный;48667;1384;402.png
403;Кинель;Самарская область;Приволжский;34472;1837;403.png
404;Кинешма;Ивановская область;Центральный;88113;1429;404.jpg
405;Киреевск;Тульская область;Центральный;25585;1762;405.png
406;Киренск;Иркутская область;Сибирский;12652;1630;406.png
407;Киржач;Владимирская область;Центральный;30044;1332;407.png
408;Кириллов;Вологодская область;Северо-Западный;7735;1397;408.png
409;Кириши;Ленинградская область;Северо-Западный;52826;1693;409.svg
410;Киров;Калужская область;Центральный;31888;1745;410.png
411;Киров;Кировская область;Приволжский;473668;1181;411.svg
412;Кировград;Свердловская область;Уральский;21959;1661;412.png
413;Кирово-Чепецк;Кировская область;Приволжский;80920;1935;413.png
414;Кировск;Ленинградская область;Северо-Западный;25633;1931;414.png
415;Кировск;Мурманская область;Северо-Западный;28659;1929;415.png
416;Кирс;Кировская область;Приволжский;10420;1729;
417;Кирсанов;Тамбовская область;Центральный;17240;1702;417.png
418;Киселёвск;Кемеровская область;Сибирский;98382;1917;418.png
419;Кисловодск;Ставропольский край;Северо-Кавказский;128502;1803;419.png
420;Клин;Московская область;Центральный;80584;1317;420.png
421;Клинцы;Брянская область;Центральный;62510;1707;421.png
422;Княгинино;Нижегородская область;Приволжский;6708;1569;422.png
423;Ковдор;Мурманская область;Северо-Западный;18836;1953;423.png
424;Ковров;Владимирская область;Центральный;145492;12 век;424.jpg
425;Ковылкино;Мордовия;Приволжский;21307;1892;425.png
426;Когалым;Ханты-Мансийский АО — Югра;Уральский;58192;1975;426.png
427;Кодинск;Красноярский край;Сибирский;14835;1977;427.gif
428;Козельск;Калужская область;Центральный;18203;12 век;428.png
429;Козловка;Чувашия;Приволжский;10355;1671;429.png
430;Козьмодемьянск;Марий Эл;Приволжский;21262;1583;430.png
431;Кола;Мурманская область;Северо-Западный;10447;1517;431.png
432;Кологрив;Костромская область;Центральный;3314;17 век;432.png
433;Коломна;Московская область;Центральный;144642;1177;433.png
434;Колпашево;Томская область;Сибирский;24126;17 век;434.png
435;Кольчугино;Владимирская область;Центральный;45804;1871;435.png
436;Коммунар;Ленинградская область;Северо-Западный;20265;1840-е;436.png
437;Комсомольск;Ивановская область;Центральный;8693;1931;
438;Комсомольск-на-Амуре;Хабаровский край;Дальневосточный;263906;1932;438.png
439;Конаково;Тверская область;Центральный;41303;1806;439.png
440;Кондопога;Карелия;Северо-Западный;32978;1563;
441;Кондрово;Калужская область;Центральный;16672;1615;
442;Константиновск;Ростовская область;Южный;17926;1864;442.png
443;Копейск;Челябинская область;Уральский;137604;1907;443.png
444;Кораблино;Рязанская область;Центральный;12657;1676;444.jpg
445;Кореновск;Краснодарский край;Южный;41179;1794;445.png
446;Коркино;Челябинская область;Уральский;38950;1795;446.png
447;Королёв;Московская область;Центральный;183452;1938;447.svg
448;Короча;Белгородская область;Центральный;5877;1637;448.svg
449;Корсаков;Сахалинская область;Дальневосточный;33526;1853;449.png
450;Коряжма;Архангельская область;Северо-Западный;39629;1535;450.png
451;Костерёво;Владимирская область;Центральный;9136;1890;451.png
452;Костомукша;Карелия;Северо-Западный;28433;1977;452.png
453;Кострома;Костромская область;Центральный;268617;1152;453.svg
454;Котельники;Московская область;Центральный;32347;17 век;454.png
455;Котельниково;Волгоградская область;Южный;20441;1897;455.png
456;Котельнич;Кировская область;Приволжский;24979;1143;456.png
457;Котлас;Архангельская область;Северо-Западный;60562;1890;457.png
458;Котово;Волгоградская область;Южный;24104;1710-е;458.png
459;Котовск;Тамбовская область;Центральный;31851;1940;459.png
460;Кохма;Ивановская область;Центральный;29408;1619;460.png
461;Красавино;Вологодская область;Северо-Западный;7003;1848;
462;Красноармейск;Московская область;Центральный;26294;1928;462.png
463;Красноармейск;Саратовская область;Приволжский;24362;1765;463.png
464;Красновишерск;Пермский край;Приволжский;17129;1894;
465;Красногорск;Московская область;Центральный;116738;1932;465.png
466;Краснодар;Краснодарский край;Южный;744933;1793;466.png
467;Краснозаводск;Московская область;Центральный;13432;1916;467.gif
468;Краснознаменск;Калининградская область;Северо-Западный;3522;1576;468.png
469;Краснознаменск;Московская область;Центральный;36057;1952;469.png
470;Краснокаменск;Забайкальский край;Сибирский;55668;1967;470.png
471;Краснокамск;Пермский край;Приволжский;52632;1929;471.png
472;Красноперекопск;Крым;Крымский;29564;1932;472.png
473;Краснослободск;Волгоградская область;Южный;16007;1870;473.png
474;Краснослободск;Мордовия;Приволжский;10151;1571;474.png
475;Краснотурьинск;Свердловская область;Уральский;59701;1758;475.png
476;Красноуральск;Свердловская область;Уральский;24973;1925;476.png
477;Красноуфимск;Свердловская область;Уральский;80457;1736;477.png
478;Красноярск;Красноярский край;Сибирский;973826;1628;478.svg
479;Красный Кут;Саратовская область;Приволжский;14420;1837;479.png
480;Красный Сулин;Ростовская область;Южный;40866;1797;480.png
481;Красный Холм;Тверская область;Центральный;5608;1518;481.png
482;Кремёнки;Калужская область;Центральный;11617;18 век;482.png
483;Кропоткин;Краснодарский край;Южный;80743;1879;483.png
484;Крымск;Краснодарский край;Южный;57370;1862;484.png
485;Кстово;Нижегородская область;Приволжский;66641;15 век;485.png
486;Кубинка;Московская область;Центральный;22918;15 век;486.png
487;Кувандык;Оренбургская область;Приволжский;26176;19 век;487.png
488;Кувшиново;Тверская область;Центральный;10008;1910;488.png
489;Кудымкар;Пермский край;Приволжский;30711;1579;489.png
490;Кузнецк;Пензенская область;Приволжский;88886;1699;490.png
491;Куйбышев;Новосибирская область;Сибирский;47278;1722;491.gif
492;Кулебаки;Нижегородская область;Приволжский;35762;1677-1678;492.png
493;Кумертау;Башкортостан;Приволжский;62854;1947;493.png
494;Кунгур;Пермский край;Приволжский;67857;1663;494.jpg
495;Купино;Новосибирская область;Сибирский;15448;1886;495.png
496;Курган;Курганская область;Уральский;333640;1679;496.png
497;Курганинск;Краснодарский край;Южный;47974;1855;497.png
498;Курильск;Сахалинская область;Дальневосточный;2070;18 век;498.png
499;Курлово;Владимирская область;Центральный;6791;1811;499.png
500;Куровское;Московская область;Центральный;21821;1646;500.png
501;Курск;Курская область;Центральный;414595;1032;501.png
502;Куртамыш;Курганская область;Уральский;17098;1745;502.png
503;Курчатов;Курская область;Центральный;42691;1968;503.png
504;Куса;Челябинская область;Уральский;18792;1778;504.png
505;Кушва;Свердловская область;Уральский;33027;1735;505.png
506;Кызыл;Тыва;Сибирский;109906;1914;506.png
507;Кыштым;Челябинская область;Уральский;38950;1757;507.png
508;Кяхта;Бурятия;Сибирский;20041;1727;508.png
509;Лабинск;Краснодарский край;Южный;62822;1841;509.png
510;Лабытнанги;Ямало-Ненецкий АО;Уральский;26948;1890;510.png
511;Лагань;Калмыкия;Южный;14323;1870;511.gif
512;Ладушкин;Калининградская область;Северо-Западный;3788;1314;512.png
513;Лаишево;Татарстан;Приволжский;7735;1557;513.png
514;Лакинск;Владимирская область;Центральный;15707;15 век;514.png
515;Лангепас;Ханты-Мансийский АО — Югра;Уральский;41675;1980;515.png
516;Лахденпохья;Карелия;Северо-Западный;7818;1600;516.png
517;Лебедянь;Липецкая область;Центральный;20991;1605;517.png
518;Лениногорск;Татарстан;Приволжский;64145;1795;518.png
519;Ленинск;Волгоградская область;Южный;15527;1802;519.png
520;Ленинск-Кузнецкий;Кемеровская область;Сибирский;101666;1763;520.gif
521;Ленск;Якутия;Дальневосточный;24955;1663;521.gif
522;Лермонтов;Ставропольский край;Северо-Кавказский;22540;1953;522.png
523;Лесной;Свердловская область;Уральский;52464;1947;523.png
524;Лесозаводск;Приморский край;Дальневосточный;36975;1932;524.png
525;Лесосибирск;Красноярский край;Сибирский;61146;1975;525.png
526;Ливны;Орловская область;Центральный;50430;1586;526.png
527;Ликино-Дулёво;Московская область;Центральный;31331;1930;527.png
528;Липецк;Липецкая область;Центральный;508124;1703;528.png
529;Липки;Тульская область;Центральный;8741;17 век;
530;Лиски;Воронежская область;Центральный;55864;16 век;530.png
531;Лихославль;Тверская область;Центральный;12259;1624;531.png
532;Лобня;Московская область;Центральный;74350;1902;532.png
533;Лодейное Поле;Ленинградская область;Северо-Западный;21053;1702;533.png
534;Лосино-Петровский;Московская область;Центральный;22550;1708;534.png
535;Луга;Ленинградская область;Северо-Западный;36409;1777;535.png
536;Луза;Кировская область;Приволжский;11262;1899;536.png
537;Лукоянов;Нижегородская область;Приволжский;14949;16 век;537.png
538;Луховицы;Московская область;Центральный;29849;1594;538.gif
539;Лысково;Нижегородская область;Приволжский;21882;1410;539.png
540;Лысьва;Пермский край;Приволжский;67712;1785;540.png
541;Лыткарино;Московская область;Центральный;55147;15 век;541.png
542;Льгов;Курская область;Центральный;21452;1152;542.png
543;Любань;Ленинградская область;Северо-Западный;4188;1499;543.png
544;Люберцы;Московская область;Центральный;171978;1623;544.png
545;Любим;Ярославская область;Центральный;5553;1538;545.png
546;Людиново;Калужская область;Центральный;40550;1626;546.png
547;Лянтор;Ханты-Мансийский АО — Югра;Уральский;38922;1932;547.jpg
548;Магадан;Магаданская область;Дальневосточный;95925;1929;548.svg
549;Магас;Ингушетия;Северо-Кавказский;2505;1995;549.png
550;Магнитогорск;Челябинская область;Уральский;408401;1929;550.png
551;Майкоп;Адыгея;Южный;144246;1857;551.png
552;Майский;Кабардино-Балкария;Северо-Кавказский;26755;19 век;
553;Макаров;Сахалинская область;Дальневосточный;6788;1892;
554;Макарьев;Костромская область;Центральный;7114;1439;554.png
555;Макушино;Курганская область;Уральский;8337;1797;
556;Малая Вишера;Новгородская область;Северо-Западный;12461;1843;556.svg
557;Малгобек;Ингушетия;Северо-Кавказский;31076;1934;557.gif
558;Малмыж;Кировская область;Приволжский;8265;15 век;558.png
559;Малоархангельск;Орловская область;Центральный;3872;17 век;559.png
560;Малоярославец;Калужская область;Центральный;30401;1402;560.svg
561;Мамадыш;Татарстан;Приволжский;14432;1391;561.png
562;Мамоново;Калининградская область;Северо-Западный;7757;1301;562.png
563;Мантурово;Костромская область;Центральный;17479;1617;563.png
564;Мариинск;Кемеровская область;Сибирский;40522;1698;564.png
565;Мариинский Посад;Чувашия;Приволжский;10186;1620;565.png
566;Маркс;Саратовская область;Приволжский;31535;1918;566.png
567;Махачкала;Дагестан;Северо-Кавказский;577990;1844;567.png
568;Мглин;Брянская область;Центральный;7916;1387;568.png
569;Мегион;Ханты-Мансийский АО — Югра;Уральский;49471;1810;569.svg
570;Медвежьегорск;Карелия;Северо-Западный;15536;1916;570.jpg
571;Медногорск;Оренбургская область;Приволжский;27253;1933;571.png
572;Медынь;Калужская область;Центральный;8298;1386;572.png
573;Межгорье;Башкортостан;Приволжский;17353;1979;573.png
574;Междуреченск;Кемеровская область;Сибирский;101995;1946;574.png
575;Мезень;Архангельская область;Северо-Западный;3599;16 век;575.png
576;Меленки;Владимирская область;Центральный;15208;18 век;576.png
577;Мелеуз;Башкортостан;Приволжский;61408;18 век;
578;Менделеевск;Татарстан;Приволжский;22075;1868;578.png
579;Мензелинск;Татарстан;Приволжский;16474;1586;579.png
580;Мещовск;Калужская область;Центральный;4101;1238;580.png
581;Миасс;Челябинская область;Уральский;151812;1773;581.png
582;Микунь;Коми;Северо-Западный;10732;1937;
583;Миллерово;Ростовская область;Южный;36493;1786;583.png
584;Минеральные Воды;Ставропольский край;Северо-Кавказский;76715;1878;584.png
585;Минусинск;Красноярский край;Сибирский;71171;1739;585.png
586;Миньяр;Челябинская область;Уральский;10195;1771;586.png
587;Мирный;Якутия;Дальневосточный;37179;1955;587.png
588;Мирный;Архангельская область;Северо-Западный;30259;1957;588.png
589;Михайлов;Рязанская область;Центральный;11783;1137;589.gif
590;Михайловка;Волгоградская область;Южный;59153;1762;590.png
591;Михайловск;Свердловская область;Уральский;9215;1805;591.png
592;Михайловск;Ставропольский край;Северо-Кавказский;71018;1784;592.png
593;Мичуринск;Тамбовская область;Центральный;98758;1635;593.png
594;Могоча;Забайкальский край;Сибирский;13228;1910;
595;Можайск;Московская область;Центральный;31388;1231;595.png
596;Можга;Удмуртия;Приволжский;47959;1835;596.png
597;Моздок;Северная Осетия - Алания;Северо-Кавказский;38748;1763;597.png
598;Мончегорск;Мурманская область;Северо-Западный;45381;1937;598.png
599;Морозовск;Ростовская область;Южный;27644;1910;599.png
600;Моршанск;Тамбовская область;Центральный;41550;1623;600.png
601;Мосальск;Калужская область;Центральный;4285;1231;601.png
602;Москва;Москва;Центральный;11514330;1147;602.svg
603;Муравленко;Ямало-Ненецкий АО;Уральский;33401;1984;603.png
604;Мураши;Кировская область;Приволжский;6752;1895;604.png
605;Мурманск;Мурманская область;Северо-Западный;307664;1916;605.svg
606;Муром;Владимирская область;Центральный;116078;862;606.png
607;Мценск;Орловская область;Центральный;43216;1146;607.png
608;Мыски;Кемеровская область;Сибирский;43029;1826;608.png
609;Мытищи;Московская область;Центральный;173341;1460;609.png
610;Мышкин;Ярославская область;Центральный;5932;15 век;610.jpg
611;Набережные Челны;Татарстан;Приволжский;513242;1626;611.svg
612;Навашино;Нижегородская область;Приволжский;16413;1957;
613;Наволоки;Ивановская область;Центральный;10207;1775;613.png
614;Надым;Ямало-Ненецкий АО;Уральский;46550;1597;614.png
615;Назарово;Красноярский край;Сибирский;52829;1700;615.gif
616;Назрань;Ингушетия;Северо-Кавказский;93357;1781;616.png
617;Называевск;Омская область;Сибирский;12119;1910;
618;Нальчик;Кабардино-Балкария;Северо-Кавказский;240095;1724;618.png
619;Нариманов;Астраханская область;Южный;11386;1963;
620;Наро-Фоминск;Московская область;Центральный;64640;1840;620.gif
621;Нарткала;Кабардино-Балкария;Северо-Кавказский;31679;1913;
622;Нарьян-Мар;Ненецкий АО;Северо-Западный;21296;1929;622.png
623;Находка;Приморский край;Дальневосточный;159695;1864;623.png
624;Невель;Псковская область;Северо-Западный;16324;1562;624.png
625;Невельск;Сахалинская область;Дальневосточный;11682;1946;625.png
626;Невинномысск;Ставропольский край;Северо-Кавказский;118351;1825;626.png
627;Невьянск;Свердловская область;Уральский;25147;1701;627.png
628;Нелидово;Тверская область;Центральный;22886;1900;628.png
629;Неман;Калининградская область;Северо-Западный;11794;1277;
630;Нерехта;Костромская область;Центральный;22817;1214;630.png
631;Нерчинск;Забайкальский край;Сибирский;14976;1653;631.png
632;Нерюнгри;Якутия;Дальневосточный;61746;1975;632.png
633;Нестеров;Калининградская область;Северо-Западный;4584;1539;633.jpg
634;Нефтегорск;Самарская область;Приволжский;18732;1960;634.png
635;Нефтекамск;Башкортостан;Приволжский;121757;1957;635.png
636;Нефтекумск;Ставропольский край;Северо-Кавказский;27700;1958;636.png
637;Нефтеюганск;Ханты-Мансийский АО — Югра;Уральский;123276;1961;637.png
638;Нея;Костромская область;Центральный;9827;1906;638.png
639;Нижневартовск;Ханты-Мансийский АО — Югра;Уральский;251860;1909;639.svg
640;Нижнекамск;Татарстан;Приволжский;234108;1961;640.png
641;Нижнеудинск;Иркутская область;Сибирский;37056;1648;641.png
642;Нижние Серги;Свердловская область;Уральский;11217;1743;642.png
643;Нижний Ломов;Пензенская область;Приволжский;22678;1636;643.png
644;Нижний Новгород;Нижегородская область;Приволжский;1250615;1221;644.svg
645;Нижний Тагил;Свердловская область;Уральский;361883;1722;645.png
646;Нижняя Салда;Свердловская область;Уральский;17969;1760;646.png
647;Нижняя Тура;Свердловская область;Уральский;21596;1754;647.png
648;Николаевск;Волгоградская область;Южный;15081;1747;
649;Николаевск-на-Амуре;Хабаровский край;Дальневосточный;22773;1850;649.png
650;Никольск;Вологодская область;Северо-Западный;8515;14 век;650.png
651;Никольск;Пензенская область;Приволжский;22471;1761;651.png
652;Никольское;Ленинградская область;Северо-Западный;19345;1710;
653;Новая Ладога;Ленинградская область;Северо-Западный;8890;1704;653.png
654;Новая Ляля;Свердловская область;Уральский;12400;1903;654.jpg
655;Новоалександровск;Ставропольский край;Северо-Кавказский;26759;1804;655.png
656;Новоалтайск;Алтайский край;Сибирский;70438;1736;656.png
657;Новоаннинский;Волгоградская область;Южный;17911;1956;
658;Нововоронеж;Воронежская область;Центральный;32635;1957;658.png
659;Новодвинск;Архангельская область;Северо-Западный;40612;1936;659.jpg
660;Новозыбков;Брянская область;Центральный;40552;1701;660.png
661;Новокубанск;Краснодарский край;Южный;34847;1867;661.png
662;Новокузнецк;Кемеровская область;Сибирский;547885;1618;662.png
663;Новокуйбышевск;Самарская область;Приволжский;108449;1946;663.png
664;Новомичуринск;Рязанская область;Центральный;19309;1968;664.png
665;Новомосковск;Тульская область;Центральный;131227;1930;665.png
666;Новопавловск;Ставропольский край;Северо-Кавказский;26556;1777;666.png
667;Новоржев;Псковская область;Северо-Западный;3695;1777;667.png
668;Новороссийск;Краснодарский край;Южный;241788;1838;668.png
669;Новосибирск;Новосибирская область;Сибирский;1498921;1893;669.svg
670;Новосиль;Орловская область;Центральный;3799;1155;670.png
671;Новосокольники;Псковская область;Северо-Западный;8119;1901;671.png
672;Новотроицк;Оренбургская область;Приволжский;97914;1920;672.png
673;Новоузенск;Саратовская область;Приволжский;17015;1760;673.png
674;Новоульяновск;Ульяновская область;Приволжский;16032;1957;674.png
675;Новоуральск;Свердловская область;Уральский;91813;1941;675.png
676;Новохопёрск;Воронежская область;Центральный;6849;1710;676.png
677;Новочебоксарск;Чувашия;Приволжский;124094;1960;677.png
678;Новочеркасск;Ростовская область;Южный;169039;1805;
679;Новошахтинск;Ростовская область;Южный;111087;1910;679.png
680;Новый Оскол;Белгородская область;Центральный;19530;1647;680.png
681;Новый Уренгой;Ямало-Ненецкий АО;Уральский;104144;1975;681.png
682;Ногинск;Московская область;Центральный;99762;1389;682.gif
683;Нолинск;Кировская область;Приволжский;9556;1668;683.png
684;Норильск;Красноярский край;Сибирский;175301;1935;684.png
685;Ноябрьск;Ямало-Ненецкий АО;Уральский;110572;1976;685.png
686;Нурлат;Татарстан;Приволжский;32600;1905;686.gif
687;Нытва;Пермский край;Приволжский;19041;1756;687.png
688;Нюрба;Якутия;Дальневосточный;10156;1824;688.png
689;Нягань;Ханты-Мансийский АО — Югра;Уральский;54903;1965;689.png
690;Нязепетровск;Челябинская область;Уральский;12452;1747;690.png
691;Няндома;Архангельская область;Северо-Западный;22354;1898;691.png
692;Облучье;Еврейская АО;Дальневосточный;9379;1911;
693;Обнинск;Калужская область;Центральный;104798;1946;693.png
694;Обоянь;Курская область;Центральный;13562;1639;694.png
695;Обь;Новосибирская область;Сибирский;26137;1934;695.png
696;Одинцово;Московская область;Центральный;139021;1470;696.png
697;Озёрск;Калининградская область;Северо-Западный;4740;1539;697.png
698;Озёрск;Челябинская область;Уральский;82268;1945;698.svg
699;Озёры;Московская область;Центральный;25788;1834;699.jpg
700;Октябрьск;Самарская область;Приволжский;27244;1684;700.png
701;Октябрьский;Башкортостан;Приволжский;109379;1946;701.png
702;Окуловка;Новгородская область;Северо-Западный;12464;1851;702.png
703;Олёкминск;Якутия;Дальневосточный;9487;1635;703.png
704;Оленегорск;Мурманская область;Северо-Западный;23079;1949;704.png
705;Олонец;Карелия;Северо-Западный;9060;1137;705.png
706;Омск;Омская область;Сибирский;1154000;1716;706.png
707;Омутнинск;Кировская область;Приволжский;23618;1773;707.png
708;Онега;Архангельская область;Северо-Западный;21359;1137;708.gif
709;Опочка;Псковская область;Северо-Западный;11601;1414;709.png
710;Орёл;Орловская область;Центральный;317854;1566;710.jpg
711;Оренбург;Оренбургская область;Приволжский;570329;1743;711.png
712;Орехово-Зуево;Московская область;Центральный;120620;1917;712.png
713;Орлов;Кировская область;Приволжский;6959;1459;713.png
714;Орск;Оренбургская область;Приволжский;238006;1735;714.jpg
715;Оса;Пермский край;Приволжский;22420;1591;715.jpg
716;Осинники;Кемеровская область;Сибирский;45997;1926;
717;Осташков;Тверская область;Центральный;18073;14 век;717.png
718;Остров;Псковская область;Северо-Западный;21670;1341;718.png
719;Островной;Мурманская область;Северо-Западный;2177;1611;719.png
720;Острогожск;Воронежская область;Центральный;33842;1652;720.png
721;Отрадное;Ленинградская область;Северо-Западный;23874;1708;721.png
722;Отрадный;Самарская область;Приволжский;47709;1920-е;722.png
723;Оха;Сахалинская область;Дальневосточный;23007;1908;723.png
724;Оханск;Пермский край;Приволжский;7597;1547;724.png
725;Очёр;Пермский край;Приволжский;15003;1759;725.png
726;Павлово;Нижегородская область;Приволжский;60699;1566;726.png
727;Павловск;Воронежская область;Центральный;25126;1709;727.png
728;Павловский Посад;Московская область;Центральный;63771;1328;728.gif
729;Палласовка;Волгоградская область;Южный;15984;1907;729.png
730;Партизанск;Приморский край;Дальневосточный;38648;1896;730.png
731;Певек;Чукотский АО;Дальневосточный;4161;1933;731.png
732;Пенза;Пензенская область;Приволжский;519592;1663;732.png
733;Первомайск;Нижегородская область;Приволжский;14567;19 век;733.png
734;Первоуральск;Свердловская область;Уральский;149800;1732;734.png
735;Перевоз;Нижегородская область;Приволжский;9201;16 век;735.png
736;Пересвет;Московская область;Центральный;14142;1948;736.svg
737;Переславль-Залесский;Ярославская область;Центральный;41923;1152;737.png
738;Пермь;Пермский край;Приволжский;1000679;1723;738.svg
739;Пестово;Новгородская область;Северо-Западный;15911;1918;739.gif
740;Петров Вал;Волгоградская область;Южный;13264;1942;
741;Петровск;Саратовская область;Приволжский;31158;1698;741.png
742;Петровск-Забайкальский;Забайкальский край;Сибирский;18555;1789;742.png
743;Петрозаводск;Карелия;Северо-Западный;263540;1703;743.png
744;Петропавловск-Камчатский;Камчатский край;Дальневосточный;179526;1740;744.jpg
745;Петухово;Курганская область;Уральский;11291;1779;745.png
746;Петушки;Владимирская область;Центральный;15167;1861;746.gif
747;Печора;Коми;Северо-Западный;43458;1940;747.png
748;Печоры;Псковская область;Северо-Западный;12308;1473;748.png
749;Пикалёво;Ленинградская область;Северо-Западный;21567;1620;749.png
750;Пионерский;Калининградская область;Северо-Западный;11017;1254;750.png
751;Питкяранта;Карелия;Северо-Западный;11484;19 век;751.png
752;Плавск;Тульская область;Центральный;16248;1563;752.gif
753;Пласт;Челябинская область;Уральский;17344;1940;753.png
754;Плёс;Ивановская область;Центральный;2341;1410;754.png
755;Поворино;Воронежская область;Центральный;17692;1870;755.png
756;Подольск;Московская область;Центральный;187956;1559;756.svg
757;Подпорожье;Ленинградская область;Северо-Западный;18729;1936;757.gif
758;Покачи;Ханты-Мансийский АО — Югра;Уральский;17053;1984;758.png
759;Покров;Владимирская область;Центральный;17762;1506;759.png
760;Покровск;Якутия;Дальневосточный;9495;1682;760.gif
761;Полевской;Свердловская область;Уральский;64316;1718;761.svg
762;Полесск;Калининградская область;Северо-Западный;7580;1258;762.png
763;Полысаево;Кемеровская область;Сибирский;27624;1989;763.gif
764;Полярные Зори;Мурманская область;Северо-Западный;15106;1968;764.png
765;Полярный;Мурманская область;Северо-Западный;17304;1896;765.png
766;Поронайск;Сахалинская область;Дальневосточный;16461;1869;766.gif
767;Порхов;Псковская область;Северо-Западный;10608;1239;767.png
768;Похвистнево;Самарская область;Приволжский;28181;1888;768.png
769;Почеп;Брянская область;Центральный;17933;1447;769.jpg
770;Починок;Смоленская область;Центральный;8776;1868;
771;Пошехонье;Ярославская область;Центральный;6085;1680;771.png
772;Правдинск;Калининградская область;Северо-Западный;4323;1312;772.png
773;Приволжск;Ивановская область;Центральный;16749;1484;773.png
774;Приморск;Калининградская область;Северо-Западный;1956;1268;774.png
775;Приморск;Ленинградская область;Северо-Западный;6122;1268;775.jpg
776;Приморско-Ахтарск;Краснодарский край;Южный;32253;1854;776.png
777;Приозерск;Ленинградская область;Северо-Западный;18929;12 век;777.png
778;Прокопьевск;Кемеровская область;Сибирский;210150;1650;778.jpg
779;Пролетарск;Ростовская область;Южный;20267;17 век;
780;Протвино;Московская область;Центральный;37308;1960;780.png
781;Прохладный;Кабардино-Балкария;Северо-Кавказский;59595;1765;781.png
782;Псков;Псковская область;Северо-Западный;203974;903;782.svg
783;Пугачёв;Саратовская область;Приволжский;41705;1764;783.png
784;Пудож;Карелия;Северо-Западный;9698;1382;784.png
785;Пустошка;Псковская область;Северо-Западный;4619;1901;785.gif
786;Пучеж;Ивановская область;Центральный;8583;1594;786.png
787;Пушкино;Московская область;Центральный;102840;1499;787.png
788;Пущино;Московская область;Центральный;20263;1956;788.png
789;Пыталово;Псковская область;Северо-Западный;5826;1782;789.png
790;Пыть-Ях;Ханты-Мансийский АО — Югра;Уральский;41453;1968;790.png
791;Пятигорск;Ставропольский край;Северо-Кавказский;142397;1780;791.png
792;Радужный;Владимирская область;Центральный;18212;1971;792.png
793;Радужный;Ханты-Мансийский АО — Югра;Уральский;43394;1973;793.jpg
794;Райчихинск;Амурская область;Дальневосточный;20499;1932;794.png
795;Раменское;Московская область;Центральный;96355;1378;795.png
796;Рассказово;Тамбовская область;Центральный;45484;1698;796.png
797;Ревда;Свердловская область;Уральский;61713;1734;797.png
798;Реж;Свердловская область;Уральский;38709;1773;798.png
799;Реутов;Московская область;Центральный;87195;15 век;799.png
800;Ржев;Тверская область;Центральный;62026;1216;800.png
801;Родники;Ивановская область;Центральный;26318;1606;801.png
802;Рославль;Смоленская область;Центральный;54898;1137;802.png
803;Россошь;Воронежская область;Центральный;62865;17 век;803.png
804;Ростов-на-Дону;Ростовская область;Южный;1091544;1749;804.png
805;Ростов;Ярославская область;Центральный;31791;912;805.png
806;Рошаль;Московская область;Центральный;21265;1916;806.png
807;Ртищево;Саратовская область;Приволжский;41295;1666;807.png
808;Рубцовск;Алтайский край;Сибирский;147008;1892;808.png
809;Рудня;Смоленская область;Центральный;10029;1363;809.png
810;Руза;Московская область;Центральный;13495;1328;810.png
811;Рузаевка;Мордовия;Приволжский;47529;1631;
812;Рыбинск;Ярославская область;Центральный;200771;1071;812.png
813;Рыбное;Рязанская область;Центральный;18378;1597;813.png
814;Рыльск;Курская область;Центральный;15667;1152;814.png
815;Ряжск;Рязанская область;Центральный;21676;1502;815.png
816;Рязань;Рязанская область;Центральный;525062;1095;816.png
817;Саки;Крым;Крымский;23400;1952;817.png
818;Салават;Башкортостан;Приволжский;156085;1948;818.png
819;Салаир;Кемеровская область;Сибирский;8263;1626;
820;Салехард;Ямало-Ненецкий АО;Уральский;42494;1595;820.png
821;Сальск;Ростовская область;Южный;61312;1812;821.png
822;Самара;Самарская область;Приволжский;1164900;1586;822.png
823;Санкт-Петербург;Санкт-Петербург;Северо-Западный;4848742;1703;823.svg
824;Саранск;Мордовия;Приволжский;297425;1641;824.svg
825;Сарапул;Удмуртия;Приволжский;101390;1621;825.png
826;Саратов;Саратовская область;Приволжский;836900;1590;826.png
827;Саров;Нижегородская область;Приволжский;92073;1691;827.png
828;Сасово;Рязанская область;Центральный;28117;1642;828.png
829;Сатка;Челябинская область;Уральский;45465;1758;829.png
830;Сафоново;Смоленская область;Центральный;46116;1859;830.gif
831;Саяногорск;Хакасия;Сибирский;49889;1975;831.jpg
832;Саянск;Иркутская область;Сибирский;40786;1970;832.png
833;Светлогорск;Калининградская область;Северо-Западный;10775;1258;833.png
834;Светлоград;Ставропольский край;Северо-Кавказский;38520;1786;834.png
835;Светлый;Калининградская область;Северо-Западный;21380;1640;835.png
836;Светогорск;Ленинградская область;Северо-Западный;15973;1887;836.png
837;Свирск;Иркутская область;Сибирский;13649;19 век;837.gif
838;Свободный;Амурская область;Дальневосточный;58594;1912;838.png
839;Себеж;Псковская область;Северо-Западный;6375;1414;839.png
840;Севастополь;Севастополь;Крымский;344479;1783;840.svg
841;Северо-Курильск;Сахалинская область;Дальневосточный;2381;1875;841.png
842;Северобайкальск;Бурятия;Сибирский;24935;1974;842.gif
843;Северодвинск;Архангельская область;Северо-Западный;192265;1936;843.svg
844;Североморск;Мурманская область;Северо-Западный;50076;1896;844.png
845;Североуральск;Свердловская область;Уральский;29279;1758;845.png
846;Северск;Томская область;Сибирский;108466;1949;846.svg
847;Севск;Брянская область;Центральный;7282;1146;847.png
848;Сегежа;Карелия;Северо-Западный;29660;1914;848.png
849;Сельцо;Брянская область;Центральный;17933;1870-е;849.gif
850;Семёнов;Нижегородская область;Приволжский;24472;1644;850.png
851;Семикаракорск;Ростовская область;Южный;23884;1672;851.png
852;Семилуки;Воронежская область;Центральный;26025;1615;852.png
853;Сенгилей;Ульяновская область;Приволжский;6959;1666;853.png
854;Серафимович;Волгоградская область;Южный;9368;1589;854.png
855;Сергач;Нижегородская область;Приволжский;21387;1649;855.png
856;Сергиев Посад;Московская область;Центральный;110878;1337;856.png
857;Сердобск;Пензенская область;Приволжский;35393;1698;857.png
858;Серов;Свердловская область;Уральский;99381;1893;858.png
859;Серпухов;Московская область;Центральный;126496;1339;859.svg
860;Сертолово;Ленинградская область;Северо-Западный;47854;1936;860.svg
861;Сибай;Башкортостан;Приволжский;62732;1913;861.png
862;Сим;Челябинская область;Уральский;14465;1759;862.png
863;Симферополь;Крым;Крымский;362366;1784;863.png
864;Сковородино;Амурская область;Дальневосточный;9561;1908;864.gif
865;Скопин;Рязанская область;Центральный;30374;1676;865.png
866;Славгород;Алтайский край;Сибирский;32390;1910;866.png
867;Славск;Калининградская область;Северо-Западный;4614;1292;867.png
868;Славянск-на-Кубани;Краснодарский край;Южный;63768;1865;868.png
869;Сланцы;Ленинградская область;Северо-Западный;33587;1934;869.png
870;Слободской;Кировская область;Приволжский;33983;1505;870.png
871;Слюдянка;Иркутская область;Сибирский;18542;1899;871.jpg
872;Смоленск;Смоленская область;Центральный;326863;863;872.png
873;Снежинск;Челябинская область;Уральский;48896;1957;873.svg
874;Снежногорск;Мурманская область;Северо-Западный;12698;1970;874.png
875;Собинка;Владимирская область;Центральный;19482;1858;875.gif
876;Советск;Калининградская область;Северо-Западный;41709;1288;876.png
877;Советск;Кировская область;Приволжский;16592;12 век;877.png
878;Советск;Тульская область;Центральный;7537;1949;878.png
879;Советская Гавань;Хабаровский край;Дальневосточный;27712;1853;879.png
880;Советский;Ханты-Мансийский АО — Югра;Уральский;26434;1963;880.png
881;Сокол;Вологодская область;Северо-Западный;38454;1615;881.png
882;Солигалич;Костромская область;Центральный;6438;1335;882.png
883;Соликамск;Пермский край;Приволжский;97239;1430;883.jpg
884;Солнечногорск;Московская область;Центральный;52996;18 век;884.png
885;Соль-Илецк;Оренбургская область;Приволжский;26308;1754;885.gif
886;Сольвычегодск;Архангельская область;Северо-Западный;2460;14 век;886.png
887;Сольцы;Новгородская область;Северо-Западный;10317;1390;887.png
888;Сорочинск;Оренбургская область;Приволжский;30136;1737;888.png
889;Сорск;Хакасия;Сибирский;12140;1940-е;889.png
890;Сортавала;Карелия;Северо-Западный;19215;1468;890.png
891;Сосенский;Калужская область;Центральный;12394;1952;891.png
892;Сосновка;Кировская область;Приволжский;11960;1699;
893;Сосновоборск;Красноярский край;Сибирский;33090;1971;893.png
894;Сосновый Бор;Ленинградская область;Северо-Западный;65901;1958;894.png
895;Сосногорск;Коми;Северо-Западный;27809;1939;895.png
896;Сочи;Краснодарский край;Южный;343285;1838;896.svg
897;Спас-Деменск;Калужская область;Центральный;4904;1446;897.png
898;Спас-Клепики;Рязанская область;Центральный;5917;16 век;898.png
899;Спасск;Пензенская область;Приволжский;7442;17 век;899.png
900;Спасск-Дальний;Приморский край;Дальневосточный;44166;1886;900.png
901;Спасск-Рязанский;Рязанская область;Центральный;7745;1629;901.jpg
902;Среднеколымск;Якутия;Дальневосточный;3525;1643;902.png
903;Среднеуральск;Свердловская область;Уральский;20357;1931;903.png
904;Сретенск;Забайкальский край;Сибирский;6850;1689;904.png
905;Ставрополь;Ставропольский край;Северо-Кавказский;398266;1777;905.png
906;Старая Купавна;Московская область;Центральный;21859;14 век;906.png
907;Старая Русса;Новгородская область;Северо-Западный;32235;1167;907.svg
908;Старица;Тверская область;Центральный;8610;1297;908.png
909;Стародуб;Брянская область;Центральный;19010;1080;909.png
910;Старый Крым;Крым;Крымский;9485;13 век;910.gif
911;Старый Оскол;Белгородская область;Центральный;221163;1593;911.svg
912;Стерлитамак;Башкортостан;Приволжский;273432;1766;912.png
913;Стрежевой;Томская область;Сибирский;42216;1966;913.png
914;Строитель;Белгородская область;Центральный;23933;1958;
915;Струнино;Владимирская область;Центральный;14372;1492;915.gif
916;Ступино;Московская область;Центральный;66942;1938;916.png
917;Суворов;Тульская область;Центральный;18975;1949;917.png
918;Судак;Крым;Крымский;15368;212;918.gif
919;Суджа;Курская область;Центральный;6036;16 век;919.png
920;Судогда;Владимирская область;Центральный;11848;1552;920.png
921;Суздаль;Владимирская область;Центральный;10535;999;921.png
922;Суоярви;Карелия;Северо-Западный;9763;16 век;922.gif
923;Сураж;Брянская область;Центральный;11640;17 век;923.png
924;Сургут;Ханты-Мансийский АО — Югра;Уральский;306703;1594;924.png
925;Суровикино;Волгоградская область;Южный;20527;1744;925.png
926;Сурск;Пензенская область;Приволжский;7032;1849;
927;Сусуман;Магаданская область;Дальневосточный;5865;1938;927.png
928;Сухиничи;Калужская область;Центральный;16295;18 век;928.png
929;Сухой Лог;Свердловская область;Уральский;34836;1710;929.png
930;Сызрань;Самарская область;Приволжский;178773;1683;930.png
931;Сыктывкар;Коми;Северо-Западный;235006;1780;931.png
932;Сысерть;Свердловская область;Уральский;20594;1732;932.png
933;Сычёвка;Смоленская область;Центральный;8111;1488;933.png
934;Сясьстрой;Ленинградская область;Северо-Западный;13747;1926;934.gif
935;Тавда;Свердловская область;Уральский;35421;1910;935.png
936;Таганрог;Ростовская область;Южный;257692;1698;936.png
937;Тайга;Кемеровская область;Сибирский;25330;1896;937.png
938;Тайшет;Иркутская область;Сибирский;35481;1897;938.png
939;Талдом;Московская область;Центральный;13819;1929;939.png
940;Талица;Свердловская область;Уральский;18339;1732;940.png
941;Тамбов;Тамбовская область;Центральный;280457;1636;941.png
942;Тара;Омская область;Сибирский;26664;1594;942.png
943;Тарко-Сале;Ямало-Ненецкий АО;Уральский;20372;1932;943.png
944;Таруса;Калужская область;Центральный;9656;1246;944.png
945;Татарск;Новосибирская область;Сибирский;26114;1894;
946;Таштагол;Кемеровская область;Сибирский;23114;1939;946.png
947;Тверь;Тверская область;Центральный;403726;1135;947.png
948;Теберда;Карачаево-Черкесия;Северо-Кавказский;9097;1868;
949;Тейково;Ивановская область;Центральный;34993;17 век;949.jpg
950;Темников;Мордовия;Приволжский;7247;12 век;950.png
951;Темрюк;Краснодарский край;Южный;38014;1860;951.png
952;Терек;Кабардино-Балкария;Северо-Кавказский;19170;1876;
953;Тетюши;Татарстан;Приволжский;11596;1578;953.gif
954;Тимашёвск;Краснодарский край;Южный;53921;1794;954.png
955;Тихвин;Ленинградская область;Северо-Западный;58843;1383;955.png
956;Тихорецк;Краснодарский край;Южный;61825;1895;956.png
957;Тобольск;Тюменская область;Уральский;99698;1587;957.png
958;Тогучин;Новосибирская область;Сибирский;21531;1867;958.png
959;Тольятти;Самарская область;Приволжский;719484;1737;959.svg
960;Томари;Сахалинская область;Дальневосточный;4537;1870;960.png
961;Томмот;Якутия;Дальневосточный;8054;1923;
962;Томск;Томская область;Сибирский;522940;1604;962.png
963;Топки;Кемеровская область;Сибирский;28642;1914;963.png
964;Торжок;Тверская область;Центральный;47702;9-10 века;964.png
965;Торопец;Тверская область;Центральный;13018;1074;965.png
966;Тосно;Ленинградская область;Северо-Западный;39127;1500;966.png
967;Тотьма;Вологодская область;Северо-Западный;9784;1137;967.png
968;Трёхгорный;Челябинская область;Уральский;33678;1952;968.png
969;Троицк;Челябинская область;Уральский;78637;1743;969.png
970;Трубчевск;Брянская область;Центральный;15014;975;970.png
971;Туапсе;Краснодарский край;Южный;63233;1838;971.png
972;Туймазы;Башкортостан;Приволжский;66849;1912;972.png
973;Тула;Тульская область;Центральный;501129;1146;973.png
974;Тулун;Иркутская область;Сибирский;44603;1735;974.png
975;Туран;Тыва;Сибирский;4988;1885;
976;Туринск;Свердловская область;Уральский;17990;1600;976.png
977;Тутаев;Ярославская область;Центральный;41001;13 век;977.jpg
978;Тында;Амурская область;Дальневосточный;35574;1907;978.png
979;Тырныауз;Кабардино-Балкария;Северо-Кавказский;21000;1934;
980;Тюкалинск;Омская область;Сибирский;12050;1759;980.png
981;Тюмень;Тюменская область;Уральский;581758;1586;981.png
982;Уварово;Тамбовская область;Центральный;26829;1699;982.png
983;Циолковский;Амурская область;Дальневосточный;6208;1961;
984;Углегорск;Сахалинская область;Дальневосточный;11880;20 век;984.png
985;Углич;Ярославская область;Центральный;34505;1148;985.png
986;Удачный;Якутия;Дальневосточный;12611;1967;986.png
987;Удомля;Тверская область;Центральный;31048;1478;987.png
988;Ужур;Красноярский край;Сибирский;16079;1760;988.png
989;Узловая;Тульская область;Центральный;55282;1873;989.png
990;Улан-Удэ;Бурятия;Сибирский;404357;1666;990.jpg
991;Ульяновск;Ульяновская область;Приволжский;613793;1648;991.png
992;Унеча;Брянская область;Центральный;26196;1887;992.png
993;Урай;Ханты-Мансийский АО — Югра;Уральский;39435;1922;993.png
994;Урень;Нижегородская область;Приволжский;12311;1719;
995;Уржум;Кировская область;Приволжский;10213;1584;995.png
996;Урус-Мартан;Чечня;Северо-Кавказский;49071;18 век;
997;Урюпинск;Волгоградская область;Южный;41594;1618;997.png
998;Усинск;Коми;Северо-Западный;41100;1966;998.png
999;Усмань;Липецкая область;Центральный;18752;1645;999.png
1000;Усолье-Сибирское;Иркутская область;Сибирский;83364;1669;1000.png
1001;Усолье;Пермский край;Приволжский;5694;1606;1001.png
1002;Уссурийск;Приморский край;Дальневосточный;157946;1866;1002.png
1003;Усть-Джегута;Карачаево-Черкесия;Северо-Кавказский;30602;1868;
1004;Усть-Илимск;Иркутская область;Сибирский;86591;1966;1004.png
1005;Усть-Катав;Челябинская область;Уральский;23586;1758;1005.png
1006;Усть-Кут;Иркутская область;Сибирский;45061;1631;1006.png
1007;Усть-Лабинск;Краснодарский край;Южный;43268;1794;1007.gif
1008;Устюжна;Вологодская область;Северо-Западный;9478;1252;1008.png
1009;Уфа;Башкортостан;Приволжский;1062300;1574;1009.svg
1010;Ухта;Коми;Северо-Западный;99642;1929;1010.png
1011;Учалы;Башкортостан;Приволжский;37771;1955;1011.png
1012;Уяр;Красноярский край;Сибирский;12666;1760;1012.png
1013;Фатеж;Курская область;Центральный;5404;16 век;1013.png
1014;Феодосия;Крым;Крымский;69786;6 век до н. э.;1014.svg
1015;Фокино;Брянская область;Центральный;13874;1899;1015.gif
1016;Фокино;Приморский край;Дальневосточный;23683;1891;1016.png
1017;Фролово;Волгоградская область;Южный;39489;1859;1017.png
1018;Фрязино;Московская область;Центральный;55449;1584;1018.svg
1019;Фурманов;Ивановская область;Центральный;36149;1918;1019.png
1020;Хабаровск;Хабаровский край;Дальневосточный;577668;1858;1020.svg
1021;Хадыженск;Краснодарский край;Южный;21580;1864;
1022;Ханты-Мансийск;Ханты-Мансийский АО — Югра;Уральский;79410;1582;1022.svg
1023;Харабали;Астраханская область;Южный;18209;1789;1023.png
1024;Харовск;Вологодская область;Северо-Западный;10078;1903;1024.jpg
1025;Хасавюрт;Дагестан;Северо-Кавказский;133929;1846;1025.png
1026;Хвалынск;Саратовская область;Приволжский;13199;1556;1026.png
1027;Хилок;Забайкальский край;Сибирский;11530;1895;1027.gif
1028;Химки;Московская область;Центральный;207125;1850;1028.svg
1029;Холм;Новгородская область;Северо-Западный;3829;1144;1029.png
1030;Холмск;Сахалинская область;Дальневосточный;30936;1870;1030.png
1031;Хотьково;Московская область;Центральный;21612;1308;1031.png
1032;Цивильск;Чувашия;Приволжский;13478;1589;1032.png
1033;Цимлянск;Ростовская область;Южный;15029;1672;1033.jpg
1034;Чадан;Тыва;Сибирский;9037;1873;
1035;Чайковский;Пермский край;Приволжский;82933;1955;1035.png
1036;Чапаевск;Самарская область;Приволжский;72689;1909;1036.png
1037;Чаплыгин;Липецкая область;Центральный;12656;1638;1037.png
1038;Чебаркуль;Челябинская область;Уральский;43405;1736;1038.png
1039;Чебоксары;Чувашия;Приволжский;447929;1469;1039.png
1040;Чегем;Кабардино-Балкария;Северо-Кавказский;17988;1822;
1041;Чекалин;Тульская область;Центральный;994;1565;1041.png
1042;Челябинск;Челябинская область;Уральский;1130273;1736;1042.svg
1043;Чердынь;Пермский край;Приволжский;4920;1451;1043.png
1044;Черемхово;Иркутская область;Сибирский;52650;1772;1044.png
1045;Черепаново;Новосибирская область;Сибирский;19346;1912;1045.png
1046;Череповец;Вологодская область;Северо-Западный;312311;1777;1046.png
1047;Черкесск;Карачаево-Черкесия;Северо-Кавказский;121439;1825;1047.png
1048;Чёрмоз;Пермский край;Приволжский;4017;1701;1048.png
1049;Черноголовка;Московская область;Центральный;20986;1710;1049.png
1050;Черногорск;Хакасия;Сибирский;72117;1936;1050.png
1051;Чернушка;Пермский край;Приволжский;33275;1854;1051.jpg
1052;Черняховск;Калининградская область;Северо-Западный;40464;1336;1052.png
1053;Чехов;Московская область;Центральный;60677;1175;1053.png
1054;Чистополь;Татарстан;Приволжский;60703;18 век;1054.png
1055;Чита;Забайкальский край;Сибирский;323964;1653;1055.png
1056;Чкаловск;Нижегородская область;Приволжский;12371;12 век;1056.png
1057;Чудово;Новгородская область;Северо-Западный;16148;16 век;1057.png
1058;Чулым;Новосибирская область;Сибирский;11964;1762;
1059;Чусовой;Пермский край;Приволжский;46740;1878;1059.png
1060;Чухлома;Костромская область;Центральный;5209;1381;1060.png
1061;Шагонар;Тыва;Сибирский;10958;1888;
1062;Шадринск;Курганская область;Уральский;77744;1662;1062.jpg
1063;Шали;Чечня;Северо-Кавказский;47715;1378 или 1384;
1064;Шарыпово;Красноярский край;Сибирский;38570;18 век;1064.png
1065;Шарья;Костромская область;Центральный;23668;1906;1065.png
1066;Шатура;Московская область;Центральный;32836;1423;1066.gif
1067;Шахтёрск;Сахалинская область;Дальневосточный;8382;20 век;1067.png
1068;Шахты;Ростовская область;Южный;240152;1805;1068.png
1069;Шахунья;Нижегородская область;Приволжский;21337;1921;1069.jpg
1070;Шацк;Рязанская область;Центральный;6562;1553;1070.png
1071;Шебекино;Белгородская область;Центральный;44277;1713;1071.svg
1072;Шелехов;Иркутская область;Сибирский;47960;1953;1072.png
1073;Шенкурск;Архангельская область;Северо-Западный;5702;1137;1073.png
1074;Шилка;Забайкальский край;Сибирский;13947;1897;1074.png
1075;Шимановск;Амурская область;Дальневосточный;19815;1910;
1076;Шиханы;Саратовская область;Приволжский;6067;1928;1076.svg
1077;Шлиссельбург;Ленинградская область;Северо-Западный;13305;1323;1077.png
1078;Шумерля;Чувашия;Приволжский;33412;1916;1078.png
1079;Шумиха;Курганская область;Уральский;17821;1892;1079.png
1080;Шуя;Ивановская область;Центральный;58528;1394;1080.svg
1081;Щёкино;Тульская область;Центральный;58154;1870;1081.png
1082;Щёлкино;Крым;Крымский;11194;1978;1082.jpg
1083;Щёлково;Московская область;Центральный;110380;16 век;1083.png
1084;Щигры;Курская область;Центральный;17043;18 век;1084.png
1085;Щучье;Курганская область;Уральский;10971;1750;1085.jpg
1086;Электрогорск;Московская область;Центральный;22120;1912;1086.png
1087;Электросталь;Московская область;Центральный;155324;1916;1087.svg
1088;Электроугли;Московская область;Центральный;20120;1899;1088.png
1089;Элиста;Калмыкия;Южный;103728;1865;1089.png
1090;Энгельс;Саратовская область;Приволжский;202838;1747;1090.png
1091;Эртиль;Воронежская область;Центральный;11387;1897;1091.png
1092;Югорск;Ханты-Мансийский АО — Югра;Уральский;34066;1962;1092.png
1093;Южа;Ивановская область;Центральный;14170;1628;
1094;Южно-Сахалинск;Сахалинская область;Дальневосточный;181727;1882;1094.png
1095;Южно-Сухокумск;Дагестан;Северо-Кавказский;10048;1958;1095.png
1096;Южноуральск;Челябинская область;Уральский;37890;1948;1096.png
1097;Юрга;Кемеровская область;Сибирский;81536;1886;1097.png
1098;Юрьев-Польский;Владимирская область;Центральный;19588;1152;1098.png
1099;Юрьевец;Ивановская область;Центральный;10205;1225;1099.png
1100;Юрюзань;Челябинская область;Уральский;12568;1758;1100.png
1101;Юхнов;Калужская область;Центральный;7056;1410;1101.png
1102;Ядрин;Чувашия;Приволжский;9614;1590;1102.png
1103;Якутск;Якутия;Дальневосточный;269486;1632;1103.png
1104;Ялта;Крым;Крымский;78040;1154;1104.png
1105;Ялуторовск;Тюменская область;Уральский;36494;1659;1105.png
1106;Янаул;Башкортостан;Приволжский;26988;1914;1106.png
1107;Яранск;Кировская область;Приволжский;17252;1584;1107.png
1108;Яровое;Алтайский край;Сибирский;18605;1943;1108.png
1109;Ярославль;Ярославская область;Центральный;591486;1010;1109.png
1110;Ярцево;Смоленская область;Центральный;47853;1610;1110.png
1111;Ясногорск;Тульская область;Центральный;16804;1578;1111.png
1112;Ясный;Оренбургская область;Приволжский;16082;1961;1112.gif
1113;Яхрома;Московская область;Центральный;13248;1841;1113.png
